date,open,high,low,close,close,volume
2022-08-29,96.53,96.74,95.62,96.28,86.2303,2107747
2022-08-30,96.41,97.31,96.32,96.55,86.4722,1833997
2022-08-31,96.56,97.47,96.05,97.47,87.2961,2916918
2022-09-01,95.87,96.96,94.65,96.05,86.0243,3228601
2022-09-02,96.1,97.4,96.06,96.95,86.8304,2183269
2022-09-05,97.48,97.48,95.905,96.51,86.4363,1963119
2022-09-06,96.22,96.65,96.11,96.11,86.0781,1676568
2022-09-07,96.01,96.575,94.05,94.1,84.2779,2876328
2022-09-08,94.67,95.66,93.85,95.21,85.272,2701707
2022-09-09,95.77,97.29,94.34,95.53,85.5586,3030132
2022-09-12,96.0,96.7,95.63,96.28,86.2303,1596321
2022-09-13,97.0,98.08,96.74,97.94,87.7171,2343197
2022-09-14,95.63,95.68,94.43,94.46,84.6003,2958659
2022-09-15,94.85,95.34,94.66,95.06,85.1377,3364419
2022-09-16,94.55,95.28,94.045,94.23,84.3943,5980478
2022-09-19,94.25,95.03,94.25,94.66,84.7794,1474030
2022-09-20,95.95,96.8,95.66,96.53,86.4542,2389248
2022-09-21,96.28,96.28,95.08,95.45,85.487,1946963
2022-09-23,94.52,94.89,93.4,93.64,83.8659,2720087
2022-09-26,92.6,93.98,92.28,93.61,83.839,2274251
2022-09-27,93.94,94.34,92.975,93.43,83.6778,2709362
2022-09-28,92.5,93.0,91.79,92.54,82.8807,2433767
2022-09-29,93.83,94.19,93.12,93.12,83.4002,2094138
2022-09-30,93.22,93.23,90.26,90.7,81.2328,3741428
2022-10-03,91.15,91.37,89.66,90.61,81.1522,2038034
2022-10-04,92.0,94.87,91.89,94.79,84.8959,3030551
2022-10-05,95.99,97.6,95.79,97.29,87.1349,3870008
2022-10-06,96.6,97.08,96.07,96.88,86.7677,2055834
2022-10-07,94.99,96.73,94.89,96.42,86.3557,2455127
2022-10-10,95.36,95.55,94.44,94.96,85.0481,1721714
2022-10-11,95.3,95.46,93.83,94.0,84.1883,1981852
2022-10-12,94.25,96.85,94.15,96.29,86.2393,2662711
2022-10-13,97.4,99.34,96.96,98.13,87.8872,3321019
2022-10-14,99.76,99.95,98.85,98.9,88.5769,2341611
2022-10-17,98.73,98.88,97.915,98.09,87.8514,1600452
2022-10-18,99.47,100.0,98.65,99.78,89.365,2472383
2022-10-19,100.3,100.8,100.0,100.48,89.9919,2337497
2022-10-20,99.79,100.845,99.56,100.77,90.2517,2969685
2022-10-21,100.0,100.48,98.38,99.28,88.9172,3151996
2022-10-24,101.1,101.18,99.74,100.48,89.9919,1627347
2022-10-25,101.5,101.92,100.69,101.78,91.1563,1902730
2022-10-26,102.0,102.57,101.6,102.0,91.3533,1915194
2022-10-27,103.2,103.55,99.79,102.42,91.7294,2830132
2022-10-28,103.18,103.54,102.82,103.22,92.4459,2426561
2022-10-31,104.22,105.0,103.815,104.68,93.7536,3084095
2022-11-01,104.75,106.05,103.82,106.05,94.9806,2628163
2022-11-02,106.06,106.8,105.22,105.97,94.9089,2073713
2022-11-03,104.76,104.9,103.96,104.5,93.5923,2143283
2022-11-04,103.77,103.99,102.53,103.05,92.2937,2787631
2022-11-07,103.98,103.99,102.5,103.08,92.3206,1717044
2022-11-08,103.54,104.83,103.3,104.48,93.5744,1872728
2022-11-09,104.5,105.25,103.77,104.77,93.8342,1990001
2022-11-10,105.43,105.43,103.85,104.04,93.1804,2073110
2022-11-11,106.4,106.4,104.97,105.81,94.7656,3384469
2022-11-14,105.49,105.49,103.905,105.1,94.1297,1919104
2022-11-15,105.8,107.45,105.53,106.48,95.3657,2427583
2022-11-16,105.19,105.47,103.42,104.58,93.664,2941625
2022-11-17,105.92,105.92,105.0,105.64,94.6133,2655083
2022-11-18,105.55,106.23,105.16,105.82,94.7746,3028383
2022-11-21,106.6,107.125,106.22,106.58,95.4552,2766456
2022-11-22,106.74,107.87,106.63,107.5,96.2792,2395517
2022-11-23,108.0,108.29,107.74,108.07,96.7897,1932908
2022-11-24,108.07,108.32,107.57,108.01,96.736,1691775
2022-11-25,108.2,109.2,107.92,109.2,97.8018,2163400
2022-11-28,108.75,109.06,108.13,108.48,97.1569,1928931
2022-11-29,108.26,108.43,107.51,108.09,96.8076,1650824
2022-11-30,108.38,108.71,107.43,107.86,96.6016,5911776
2022-12-01,108.48,108.99,108.08,108.42,97.1032,1369948
2022-12-02,108.4,108.4,106.42,106.95,95.7866,3451688
2022-12-05,107.33,107.71,106.9,106.94,95.7777,1433376
2022-12-06,106.53,107.75,106.32,106.44,95.3298,2016506
2022-12-07,105.55,106.34,104.57,105.55,94.5327,2903191
2022-12-08,105.94,105.99,104.9,105.35,94.3536,1828854
2022-12-09,105.3,105.68,104.53,104.98,94.0222,2054672
2022-12-12,105.0,105.48,104.61,105.39,94.3894,1353473
2022-12-13,106.33,107.2,105.9,106.44,95.3298,2662642
2022-12-14,106.62,107.06,105.84,106.92,95.7597,1959240
2022-12-15,106.7,107.69,106.22,106.8,95.6523,2244376
2022-12-16,106.06,106.29,105.16,105.98,94.9179,5159674
2022-12-19,105.0,105.76,104.75,105.63,94.6044,1136661
2022-12-20,105.81,106.11,104.93,105.33,94.3357,1662006
2022-12-21,106.01,106.28,104.73,104.73,93.7983,2285186
2022-12-22,105.35,106.11,105.32,105.62,94.5954,1462993
2022-12-23,104.7,104.96,104.21,104.82,93.8789,1367754
2022-12-28,104.42,104.55,102.76,103.1,92.3385,1666602
2022-12-29,103.14,103.32,101.85,102.08,91.4249,1718922
2022-12-30,102.55,103.15,102.55,102.6,91.8907,1537609
2023-01-03,103.73,103.9,100.21,101.05,90.5024,1709983
2023-01-04,101.5,103.29,101.06,103.14,92.3743,2276220
2023-01-05,103.56,104.7,103.21,103.32,92.5355,1693577
2023-01-06,102.88,103.57,102.52,103.18,92.4101,2450188
2023-01-09,103.88,104.285,103.27,103.32,92.5355,1048736
2023-01-10,102.81,104.05,102.6,103.32,92.5355,1075679
2023-01-11,103.7,103.88,103.0,103.53,92.7236,1092327
2023-01-12,104.3,105.35,103.79,105.18,94.2014,2087584
2023-01-13,105.65,107.06,105.59,106.5,95.3836,1929496
2023-01-16,106.69,107.59,106.33,107.35,96.1449,1250653
2023-01-17,107.3,107.95,107.08,107.44,96.2255,2328626
2023-01-18,107.56,108.0,106.87,107.65,96.4135,1756089
2023-01-19,108.23,108.83,107.23,108.74,97.3898,2196287
2023-01-20,108.7,109.15,108.38,108.66,97.3181,3741095
2023-01-23,109.0,109.11,108.4,108.61,97.2733,2380416
2023-01-24,108.4,108.54,107.35,108.05,96.7718,1494747
2023-01-25,108.01,109.2,107.79,108.83,97.4704,1620732
2023-01-27,109.5,109.95,108.95,109.85,98.3839,2186238
2023-01-30,109.7,110.1,109.585,109.76,98.3033,1465480
2023-01-31,109.86,110.45,109.62,110.06,98.572,1745314
2023-02-01,110.49,110.81,109.6,110.15,98.6526,2037070
2023-02-02,110.55,110.55,109.73,109.73,98.2764,2267124
2023-02-03,109.9,111.43,109.8,111.15,99.5482,2487251
2023-02-06,111.2,111.38,110.39,110.75,99.19,1325884
2023-02-07,110.86,111.04,109.95,110.3,98.7869,1606239
2023-02-08,110.4,110.69,110.15,110.32,98.8048,1486405
2023-02-09,110.21,110.6,109.59,110.21,98.7063,1378411
2023-02-10,109.85,110.19,109.56,109.95,98.4735,1516258
2023-02-13,109.86,109.9,109.03,109.3,97.8913,1552187
2023-02-14,110.31,110.4,109.09,109.25,97.8465,1712454
2023-02-15,104.11,106.15,102.08,103.0,92.2489,7122390
2023-02-16,102.36,103.31,101.37,101.5,90.9055,4756659
2023-02-17,101.2,102.57,100.65,100.97,90.4308,4030572
2023-02-20,101.0,102.39,100.98,102.23,91.5593,1597651
2023-02-21,102.03,102.21,101.2,101.52,90.9234,1842679
2023-02-22,98.7,100.15,98.46,99.2,90.7222,3345735
2023-02-23,99.46,100.58,99.46,99.9,91.3624,2366921
2023-02-24,99.79,101.29,99.71,101.22,92.5696,2873586
2023-02-27,101.1,101.75,100.73,101.39,92.725,1875413
2023-02-28,101.22,101.71,100.46,100.69,92.0849,4181654
2023-03-01,99.95,100.37,99.05,99.05,90.585,2589393
2023-03-02,99.26,99.6,97.07,97.07,88.7742,3973674
2023-03-03,97.3,98.115,97.19,97.75,89.3961,2835253
2023-03-06,98.19,99.23,98.1,98.6,90.1735,1734529
2023-03-07,98.85,99.25,98.15,98.9,90.4478,2461272
2023-03-08,98.35,98.94,97.83,98.41,89.9997,1862278
2023-03-09,98.81,99.25,98.42,98.72,90.2832,2100981
2023-03-10,96.81,97.11,95.23,95.51,87.3475,3399512
2023-03-13,96.0,96.65,94.88,95.12,86.9909,2531902
2023-03-14,93.14,95.28,93.05,95.28,87.1372,4703866
2023-03-15,96.2,96.97,94.64,95.4,87.2469,3162252
2023-03-16,94.0,96.15,93.35,95.3,87.1555,6488332
2023-03-17,96.23,96.63,95.34,96.45,88.2072,6451777
2023-03-20,95.2,97.13,95.06,96.08,87.8688,2079792
2023-03-21,96.9,97.52,96.25,96.52,88.2712,2225019
2023-03-22,97.9,98.76,97.14,97.14,88.8382,2889674
2023-03-23,96.77,97.4,96.45,97.03,88.7376,1900925
2023-03-24,96.04,96.79,95.35,95.84,87.6493,2765386
2023-03-27,96.42,96.5,95.04,95.07,86.9451,2040884
2023-03-28,95.6,96.58,95.5,96.06,87.8505,1915223
2023-03-29,95.31,96.34,94.85,96.34,88.1066,2120814
2023-03-30,97.56,97.95,97.01,97.75,89.3961,2611402
2023-03-31,98.35,98.78,97.91,98.32,89.9174,2549472
2023-04-03,98.59,100.0,98.55,99.27,90.7862,2174951
2023-04-04,99.75,99.86,98.5,98.98,90.521,1577845
2023-04-05,98.69,99.59,98.67,99.06,90.5942,1535460
2023-04-06,99.4,99.48,98.325,99.01,90.5484,1780447
2023-04-11,99.71,100.1,99.43,99.76,91.2343,1821000
2023-04-12,100.35,100.36,98.68,99.23,90.7496,1656007
2023-04-13,99.24,99.49,98.2,98.22,89.8259,1668839
2023-04-14,98.22,99.28,98.2,99.11,90.6399,1352457
2023-04-17,100.0,100.48,99.57,99.74,91.216,2059296
2023-04-18,99.12,99.62,99.12,99.4,90.9051,1848784
2023-04-19,99.38,99.67,99.07,99.37,90.8777,982903
2023-04-20,99.96,101.31,99.75,100.92,92.2952,2447545
2023-04-21,100.5,100.61,98.7,99.8,91.2709,3084544
2023-04-24,100.45,100.78,100.04,100.11,91.5544,1002073
2023-04-26,100.0,100.3,99.22,99.89,91.3532,2063264
2023-04-27,99.96,100.0,98.79,99.1,90.6307,1423491
2023-04-28,99.58,100.24,99.17,99.36,90.8685,2869131
2023-05-01,99.96,100.6,99.58,100.44,91.8562,1471474
2023-05-02,100.79,100.95,99.61,100.1,91.5453,2179624
2023-05-03,98.8,98.89,97.93,98.29,89.89,2145783
2023-05-04,95.94,97.24,94.82,95.76,87.5762,2992222
2023-05-05,95.6,96.48,94.37,96.13,87.9146,2799731
2023-05-08,97.0,97.54,96.31,97.12,88.82,2193033
2023-05-09,96.6,97.78,95.45,97.34,89.0212,2406124
2023-05-10,96.94,97.85,96.69,97.85,89.4876,2373018
2023-05-11,98.83,98.86,97.885,98.35,89.9448,2072546
2023-05-12,98.85,99.18,98.36,98.96,90.5027,1916311
2023-05-15,98.53,98.75,98.17,98.5,90.082,1288706
2023-05-16,98.3,98.94,97.59,97.59,89.2498,2441266
2023-05-17,97.11,97.3,96.01,97.14,88.8382,2147154
2023-05-18,98.37,98.42,97.76,98.0,89.6247,2118783
2023-05-19,98.8,99.87,98.67,99.8,91.2709,3056096
2023-05-22,99.69,99.8,98.6,98.9,90.4478,1376062
2023-05-23,98.9,99.93,98.68,99.44,90.9417,2886469
2023-05-24,99.2,99.98,98.84,99.93,91.3898,1818274
2023-05-25,99.4,99.67,97.695,97.72,89.3687,2862243
2023-05-26,97.8,98.68,97.79,98.16,89.7711,1923403
2023-05-29,99.36,99.69,98.85,99.57,91.0606,1530222
2023-05-30,99.2,99.7,98.73,99.18,90.7039,1617947
2023-05-31,98.89,99.0,96.78,96.78,88.509,12128740
2023-06-01,96.52,97.62,96.3,96.8,88.5273,2109961
2023-06-02,97.2,97.59,96.26,96.91,88.6279,2569521
2023-06-05,97.56,98.01,97.22,97.5,89.1675,2085675
2023-06-06,96.88,97.19,96.4,96.56,88.3078,2041599
2023-06-07,96.75,97.0,95.69,95.69,87.5122,2178339
2023-06-08,95.61,95.98,95.32,95.89,87.6951,2346149
2023-06-09,95.74,96.12,95.6,95.8,87.6128,1579114
2023-06-13,95.98,96.6,95.9,96.52,88.2712,1973419
2023-06-14,97.0,97.55,96.6,97.37,89.0486,2971378
2023-06-15,97.65,98.25,97.41,97.99,89.6156,2837488
2023-06-16,98.3,99.35,98.06,99.35,90.8594,6702838
2023-06-19,99.66,100.82,99.45,100.51,91.9202,2771173
2023-06-20,100.8,101.97,100.36,101.62,92.9354,2698905
2023-06-21,102.2,102.49,101.585,101.68,92.9902,2594424
2023-06-22,101.51,101.59,99.97,100.08,91.527,2313609
2023-06-23,99.6,99.8,98.0,98.51,90.0912,2750925
2023-06-26,98.38,98.5,97.49,97.93,89.5607,2559460
2023-06-27,98.55,99.27,98.43,98.43,90.018,2139922
2023-06-28,98.7,99.94,98.63,99.54,91.0331,2391541
2023-06-29,99.9,100.69,99.8,100.07,91.5178,1593529
2023-06-30,100.16,100.3,99.555,100.27,91.7007,2603014
2023-07-03,100.3,100.97,99.78,100.94,92.3135,2147940
2023-07-04,101.05,102.4,100.42,102.28,93.539,2188463
2023-07-05,102.11,102.39,101.4,101.78,93.0817,2156097
2023-07-06,101.06,101.46,100.13,100.43,91.8471,2182248
2023-07-07,99.23,99.42,98.41,98.73,90.2924,2017705
2023-07-10,99.14,99.47,98.32,98.52,90.1003,1152141
2023-07-11,98.97,99.62,98.73,99.62,91.1063,1793004
2023-07-12,100.01,100.15,99.15,99.15,90.6765,1765254
2023-07-13,100.14,100.855,99.71,100.62,92.0208,3171603
2023-07-14,100.88,101.59,100.59,101.33,92.6702,2083622
2023-07-17,101.45,101.91,101.2,101.87,93.164,1608226
2023-07-18,102.3,103.1,102.11,102.57,93.8042,2084918
2023-07-19,103.84,104.65,103.24,104.65,95.7064,3567951
2023-07-20,105.5,106.23,104.7,105.25,96.2551,3465003
2023-07-21,104.85,105.07,104.17,104.55,95.615,3354092
2023-07-24,105.3,105.3,104.33,104.43,95.5052,1554919
2023-07-25,104.4,104.4,103.51,104.2,95.2949,1520910
2023-07-26,103.93,105.77,103.67,105.0,96.0265,1631244
2023-07-27,105.4,107.09,105.3,106.53,97.4258,2544987
2023-07-28,105.51,106.09,104.82,105.5,96.4838,1880770
2023-07-31,105.76,105.98,104.93,105.71,96.6758,1265049
2023-08-01,105.22,106.2,104.84,105.85,96.8039,1440788
2023-08-02,105.23,105.35,103.09,103.46,94.6181,2074443
2023-08-03,102.96,103.34,102.06,102.46,93.7036,2890772
2023-08-04,102.7,103.15,101.7,101.87,93.164,2687798
2023-08-07,102.09,102.22,101.49,101.85,93.1457,2771020
2023-08-08,102.4,102.58,101.93,102.21,93.475,3241229
2023-08-09,104.81,105.22,103.55,104.85,95.8893,2635786
2023-08-10,103.82,104.69,103.12,104.47,95.5418,2461857
2023-08-11,104.31,105.0,104.02,104.4,95.4778,1734661
2023-08-14,103.63,104.13,103.41,103.7,94.8376,2624230
2023-08-15,104.0,104.19,103.35,103.51,94.6639,1631886
2023-08-16,100.02,100.48,99.48,99.79,93.428,4423573
2023-08-17,99.9,99.9,98.67,99.65,93.2969,3049916
2023-08-18,99.21,99.46,98.55,99.05,92.7352,2430138
2023-08-21,98.92,99.58,98.32,98.45,92.1734,2651338
2023-08-22,98.09,98.67,97.69,98.67,92.3794,3070402
2023-08-23,98.2,99.84,98.0,99.45,93.1097,3375196
2023-08-24,100.1,100.84,99.6,100.61,94.1957,2630712
2023-08-25,100.24,100.27,99.37,99.57,93.222,2301999
2023-08-28,99.8,100.81,99.74,100.78,94.3549,1652565
2023-08-29,101.39,101.45,100.48,101.03,94.589,1519428
2023-08-30,101.63,102.465,101.5,101.84,95.3473,1810483
2023-08-31,101.83,102.45,101.61,102.18,95.6656,3576801
2023-09-01,101.7,102.0,101.2,101.35,94.8886,1596631
2023-09-04,101.69,102.27,101.57,102.01,95.5065,1425483
2023-09-05,102.1,102.29,101.75,102.22,95.7031,1274211
2023-09-06,102.75,103.18,101.295,101.51,95.0383,2000414
2023-09-07,101.0,101.38,100.31,100.9,94.4672,1721897
2023-09-08,101.23,101.47,100.15,100.81,94.383,1271405
2023-09-11,100.8,102.18,100.55,102.04,95.5346,1707461
2023-09-12,102.4,102.59,101.12,102.11,95.6001,1303827
2023-09-13,102.15,102.15,101.01,101.7,95.2162,1281734
2023-09-14,101.17,102.46,101.15,102.13,95.6188,2242700
2023-09-15,103.0,103.57,102.68,103.16,96.5832,4199986
2023-09-18,102.6,102.8,101.93,102.63,96.0869,886664
2023-09-19,102.32,102.39,101.44,102.13,95.6188,1806193
2023-09-20,102.27,102.49,101.44,101.84,95.3473,2498953
2023-09-21,101.67,101.88,99.75,100.08,93.6995,2447271
2023-09-22,98.5,100.06,98.1,100.06,93.6808,3396755
2023-09-25,100.0,100.0,99.02,99.88,93.5123,1014251
2023-09-26,99.7,100.37,99.26,100.08,93.6995,1292290
2023-09-27,100.0,100.58,99.86,100.53,94.1208,1346621
2023-09-28,100.49,100.74,99.56,99.95,93.5778,1422062
2023-09-29,99.98,100.08,99.56,99.97,93.5965,2444569
2023-10-02,99.36,99.97,98.91,99.85,93.4842,1131578
2023-10-03,98.66,99.85,98.5,99.69,93.3344,2702099
2023-10-04,99.0,99.14,97.6,98.09,91.8364,2543630
2023-10-05,98.3,99.38,98.2,98.98,92.6696,1726498
2023-10-06,99.05,100.655,98.9,100.04,93.6621,2408410
2023-10-09,99.97,100.56,99.7,100.03,93.6527,1108229
2023-10-10,100.99,101.19,100.29,100.7,94.28,2252750
2023-10-11,100.89,101.0,100.32,100.64,94.2238,1577672
2023-10-12,101.17,102.22,100.61,101.6,95.1226,2162969
2023-10-13,100.6,101.23,100.51,100.97,94.5328,1473078
2023-10-16,100.5,100.83,100.25,100.67,94.2519,1448174
2023-10-17,101.35,101.51,100.92,101.2,94.7481,1210306
2023-10-18,101.18,101.74,101.0,101.42,94.9541,1652838
2023-10-19,100.09,100.58,99.33,99.78,93.4186,2642789
2023-10-20,99.09,99.78,98.32,98.75,92.4543,2641664
2023-10-23,98.3,98.6,97.63,97.82,91.5836,1348775
2023-10-24,98.38,98.64,98.02,98.07,91.8177,1686722
2023-10-25,98.2,98.55,97.12,97.35,91.1436,1662864
2023-10-26,96.99,97.25,96.4,97.0,90.8159,2289128
2023-10-27,97.55,98.28,97.55,97.8,91.5649,2273929
2023-10-30,96.72,96.785,96.15,96.22,90.0856,2033713
2023-10-31,97.09,97.21,96.25,96.56,90.4039,2533920
2023-11-01,96.9,96.97,96.3,96.87,90.6942,2162550
2023-11-02,98.27,99.01,98.06,98.43,92.1547,2307420
2023-11-03,99.6,99.99,99.2,99.93,93.5591,2507791
2023-11-06,99.84,101.26,99.75,100.42,94.0178,2282526
2023-11-07,100.63,100.64,99.49,100.01,93.634,1806507
2023-11-08,100.58,101.06,100.21,100.69,94.2706,1432581
2023-11-09,101.3,103.0,101.1,102.11,95.6001,3152761
2023-11-10,101.75,101.88,101.01,101.32,94.8605,1407582
2023-11-13,101.23,101.84,100.87,101.31,94.8511,1472779
2023-11-14,102.35,102.64,101.62,102.28,95.7593,2049690
2023-11-15,103.3,103.64,101.92,102.15,95.6375,3169156
2023-11-16,102.8,102.88,101.85,102.29,95.7686,1993737
2023-11-17,102.38,102.69,101.87,102.47,95.9371,2729262
2023-11-20,102.8,103.32,102.7,103.17,96.5925,1627761
2023-11-21,103.52,103.86,103.25,103.7,97.0887,1970123
2023-11-22,103.4,104.31,103.38,103.8,97.1824,1292108
2023-11-23,103.54,103.79,102.82,102.96,96.3959,2421800
2023-11-24,103.1,104.05,103.0,103.69,97.0794,1275404
2023-11-27,104.02,104.02,102.61,102.61,96.0682,1288697
2023-11-28,102.5,103.86,102.35,103.34,96.7517,1397249
2023-11-29,103.79,104.05,103.2,103.33,96.7423,1277217
2023-11-30,103.55,104.66,103.25,104.66,97.9875,5016298
2023-12-01,104.65,104.66,103.75,104.19,97.5475,1781950
2023-12-04,104.95,105.58,104.59,105.12,98.4182,2121950
2023-12-05,104.99,104.99,104.41,104.71,98.0343,1417376
2023-12-06,105.49,106.72,105.24,106.34,99.5604,3135300
2023-12-07,105.98,106.54,105.7,106.27,99.4949,1747083
2023-12-08,105.77,106.44,105.22,106.44,99.654,1434178
2023-12-11,106.67,107.455,106.64,106.94,100.1222,1395078
2023-12-12,106.73,107.64,106.65,107.41,100.5622,1406122
2023-12-13,107.8,108.39,107.605,108.15,101.255,1727766
2023-12-14,108.92,109.52,108.63,109.52,102.5377,2593767
2023-12-15,110.0,110.5,109.52,110.07,103.0526,7159356
2023-12-18,109.5,110.13,109.14,110.0,102.9871,1300270
2023-12-19,110.35,110.89,109.65,110.6,103.5488,1966065
2023-12-20,110.8,111.15,110.65,110.97,103.8952,2090455
2023-12-21,110.73,110.86,110.01,110.56,103.5114,2830850
2023-12-22,110.19,110.83,110.16,110.5,103.4552,3097447
2023-12-27,111.12,111.85,110.76,111.19,104.1012,1017160
2023-12-28,111.81,112.29,111.56,112.29,105.1311,1735707
2023-12-29,112.15,112.37,111.43,111.8,104.6723,2170375
2024-01-02,111.85,113.61,111.79,113.61,106.3669,1628690
2024-01-03,112.6,112.98,112.02,112.13,104.9813,1207784
2024-01-04,112.3,112.325,110.94,111.49,104.3821,1380616
2024-01-05,112.0,113.24,111.9,112.99,105.7865,1502441
2024-01-08,112.76,113.22,111.87,111.98,104.8408,1784232
2024-01-09,113.28,113.3,112.64,113.02,105.8145,1510571
2024-01-10,112.97,113.3,112.04,112.04,104.897,1415900
2024-01-11,112.5,113.66,112.24,113.6,106.3576,1667803
2024-01-12,113.0,113.8,112.8,113.63,106.3857,1678657
2024-01-15,113.5,114.0,113.15,113.66,106.4137,1062194
2024-01-16,113.5,113.66,112.8,113.0,105.7958,1896379
2024-01-17,112.82,112.99,111.71,112.33,105.1685,2189913
2024-01-18,111.37,112.91,111.37,112.48,105.309,2131509
2024-01-19,113.12,113.9,112.71,113.28,106.058,4107588
2024-01-22,114.0,114.85,113.55,114.8,107.4811,2353571
2024-01-23,114.9,115.98,114.71,115.66,108.2862,2197384
2024-01-24,116.0,116.0,114.53,114.7,107.3874,1509853
2024-01-25,115.0,115.14,114.0,114.86,107.5372,1967920
2024-01-29,116.0,116.0,115.0,115.92,108.5297,2017654
2024-01-30,116.12,116.94,115.77,116.05,108.6514,1982285
2024-01-31,116.0,118.24,115.205,117.53,110.037,4128431
2024-02-01,116.65,116.8,114.1,114.1,106.8257,2593915
2024-02-02,114.81,116.12,114.43,115.81,108.4267,2545023
2024-02-05,115.02,115.48,113.97,115.48,108.1177,1142496
2024-02-06,115.32,115.64,114.15,114.37,107.0785,1997385
2024-02-07,114.92,115.64,114.22,114.55,107.247,1737069
2024-02-08,115.14,116.0,114.44,115.87,108.4828,1366549
2024-02-09,116.27,116.75,116.01,116.24,108.8293,2086972
2024-02-12,116.5,116.78,115.55,115.73,108.3518,1005660
2024-02-13,117.26,117.75,116.0,116.0,108.6046,1758908
2024-02-14,113.16,114.07,111.56,114.07,106.7976,2740465
2024-02-15,113.5,115.17,113.26,114.16,106.8819,2315896
2024-02-16,115.75,116.28,114.78,116.28,108.8667,3844462
2024-02-19,115.86,117.29,115.62,117.13,109.6625,1386827
2024-02-20,117.4,117.8,116.06,116.95,109.494,1772794
2024-02-21,114.31,115.96,114.1,114.62,109.3223,3281940
2024-02-22,115.0,115.0,113.31,114.45,109.1602,1691941
2024-02-23,115.33,115.88,114.57,114.83,109.5226,1576082
2024-02-26,115.32,115.99,115.07,115.92,110.5622,1623264
2024-02-27,116.2,117.12,115.535,117.12,111.7068,2199043
2024-02-28,117.25,117.3,115.67,115.96,110.6004,1605950
2024-02-29,116.18,116.76,115.23,116.41,111.0296,4036090
2024-03-01,116.75,117.36,116.2,117.36,111.9357,1547236
2024-03-04,117.55,118.55,117.36,118.12,112.6605,1657258
2024-03-05,118.6,118.7,116.77,116.94,111.5351,1985735
2024-03-06,117.0,118.41,116.68,118.31,112.8418,1499396
2024-03-07,118.5,119.37,118.39,119.25,113.7383,2404787
2024-03-08,119.54,121.54,119.02,121.45,115.8366,3693739
2024-03-11,119.99,120.23,117.93,118.13,112.6701,1771965
2024-03-12,119.02,120.08,117.51,117.74,112.2981,1912342
2024-03-13,118.01,118.22,116.82,117.55,112.1169,1749751
2024-03-14,117.54,117.56,115.34,116.22,110.8484,1972503
2024-03-15,115.0,115.54,114.0,115.54,110.1998,5370902
2024-03-18,115.4,116.56,115.27,116.46,111.0773,1471598
2024-03-19,116.43,116.44,115.33,115.78,110.4287,1817662
2024-03-20,116.3,116.87,115.65,115.65,110.3047,2011037
2024-03-21,117.1,118.05,116.54,118.0,112.5461,3579903
2024-03-22,118.3,118.35,116.56,117.48,112.0501,3825604
2024-03-25,118.25,118.99,117.49,118.79,113.2996,1974708
2024-03-26,118.9,119.485,118.57,118.6,113.1184,1676353
2024-03-27,118.77,120.19,118.51,120.0,114.4536,2340622
2024-03-28,120.56,120.56,119.4,120.34,114.7779,2679602
2024-04-02,119.4,120.6,119.3,120.07,114.5204,2314881
2024-04-03,119.63,119.93,117.64,117.81,112.3649,2016061
2024-04-04,118.6,119.07,117.97,118.35,112.8799,1282364
2024-04-05,117.07,118.17,116.63,118.04,112.5842,1387617
2024-04-08,118.78,119.02,117.7,118.19,112.7273,1171497
2024-04-09,118.72,119.15,118.48,119.15,113.6429,1013230
2024-04-10,119.15,119.21,117.98,118.21,112.7464,1720573
2024-04-11,116.34,116.99,116.1,116.81,111.4111,1787099
2024-04-12,116.37,116.69,116.01,116.24,110.8674,1381123
2024-04-15,115.2,115.3,114.295,114.64,109.3414,2434316
2024-04-16,113.58,113.74,111.63,112.2,107.0142,3226640
2024-04-17,112.16,112.8,111.94,111.94,106.7662,1405392
2024-04-18,111.73,113.16,111.73,112.73,107.5197,1590709
2024-04-19,111.65,112.51,109.94,111.86,106.6899,3489190
2024-04-22,113.09,113.68,112.39,112.88,107.6627,1946178
2024-04-23,114.0,114.58,113.7,114.58,109.2842,1197831
2024-04-24,115.5,115.85,115.0,115.0,109.6847,1600191
2024-04-26,114.45,114.56,112.77,112.99,107.7676,1672386
2024-04-29,114.0,114.2,113.66,113.84,108.5784,1374832
2024-04-30,113.65,114.54,113.42,114.54,109.246,1315376
2024-05-01,113.6,114.11,113.0,113.92,108.6547,1187570
2024-05-02,114.69,115.84,114.02,115.0,109.6847,1617735
2024-05-03,115.76,115.76,114.74,115.23,109.9041,1800802
2024-05-06,116.01,116.59,115.78,116.59,111.2013,1503067
2024-05-07,117.57,119.0,116.89,119.0,113.4999,2718495
2024-05-08,119.5,119.9,118.46,119.74,114.2057,2104415
2024-05-09,119.7,119.7,117.09,117.09,111.6781,1838458
2024-05-10,117.71,118.35,117.25,117.54,112.1073,1483110
2024-05-13,117.54,119.12,117.06,119.12,113.6143,1751999
2024-05-14,118.7,119.33,118.535,119.33,113.8146,1500344
2024-05-15,119.5,120.07,119.28,119.93,114.3869,1820801
2024-05-16,121.0,122.55,120.2,122.26,116.6092,3212284
2024-05-17,121.5,121.79,120.34,121.04,115.4456,3747916
2024-05-20,121.0,121.86,120.95,121.77,116.1418,1231703
2024-05-21,121.69,121.79,120.92,121.79,116.1609,1557576
2024-05-22,122.07,122.35,121.3,121.5,115.8843,1428336
2024-05-23,120.72,121.0,120.23,120.73,115.1499,1595049
2024-05-24,119.02,119.5,118.08,118.87,113.3759,1902826
2024-05-27,119.73,120.33,119.73,120.1,114.549,1111552
2024-05-28,120.09,120.33,119.51,120.31,114.7493,1699877
2024-05-29,119.38,119.49,117.89,118.34,112.8704,1768394
2024-05-30,117.1,118.42,116.64,117.99,112.5366,1338969
2024-05-31,118.8,119.54,118.53,119.54,114.0149,3510828
2024-06-03,120.34,121.29,120.22,121.29,115.684,1686338
2024-06-04,121.15,122.49,121.05,122.46,116.7999,2233217
2024-06-05,123.17,123.95,122.82,123.47,117.7633,2393056
2024-06-06,124.5,125.97,124.21,124.85,119.0795,2636640
2024-06-07,125.0,125.55,124.08,125.55,119.7471,1414714
2024-06-11,124.05,125.03,123.72,124.93,119.1558,2514626
2024-06-12,124.35,124.595,123.4,124.1,118.3641,2115977
2024-06-13,125.33,125.69,124.9,125.48,119.6804,2611093
2024-06-14,125.36,125.6,124.85,125.31,119.5182,1642962
2024-06-17,124.99,125.6,124.76,125.49,119.6899,1535986
2024-06-18,126.58,127.99,126.2,127.98,122.0648,2256695
2024-06-19,127.79,127.88,126.77,126.94,121.0729,2137151
2024-06-20,126.65,127.84,126.53,127.75,121.8454,3551199
2024-06-21,128.0,128.25,125.9,127.68,121.7787,7188308
2024-06-24,127.6,127.99,126.8,126.8,120.9394,1774664
2024-06-25,128.11,128.68,127.51,128.63,122.6848,2092832
2024-06-26,127.64,128.09,126.635,126.9,121.0347,1908027
2024-06-27,125.0,126.2,124.35,126.2,120.3671,2119011
2024-06-28,127.0,127.61,126.27,127.38,121.4925,2303383
2024-07-01,126.44,126.53,125.43,126.2,120.3671,1608121
2024-07-02,125.8,126.2,125.4,125.66,119.852,1534926
2024-07-03,126.23,126.44,124.8,125.38,119.585,1441307
2024-07-04,126.51,127.86,126.19,127.86,121.9504,1394064
2024-07-05,127.58,127.85,126.65,127.1,121.2255,1104669
2024-07-08,126.9,127.17,126.09,126.47,120.6246,1027669
2024-07-09,127.5,128.97,126.98,128.69,122.742,1784311
2024-07-10,128.0,128.54,127.26,128.54,122.5989,1257112
2024-07-11,130.17,130.3,129.3,129.92,123.9152,1598054
2024-07-12,130.8,131.84,129.89,131.66,125.5747,1977025
2024-07-15,132.75,133.3,131.9,132.69,126.5571,1364623
2024-07-16,132.43,133.08,132.02,132.44,126.3187,1732649
2024-07-17,132.5,134.25,132.0,133.5,127.3297,1983965
2024-07-18,133.24,134.0,131.91,132.66,126.5285,2073779
2024-07-19,130.86,131.63,130.4,131.63,125.5461,4022762
2024-07-22,130.51,131.68,130.18,131.68,125.5938,1233216
2024-07-23,132.59,133.31,132.1,133.14,126.9863,1351942
2024-07-24,132.6,133.1,132.27,132.78,126.643,1175867
2024-07-25,131.35,132.6,131.2,132.6,126.4713,1916200
2024-07-26,133.36,133.46,132.53,133.14,126.9863,1901929
2024-07-29,133.83,134.9,133.8,134.9,128.665,1418165
2024-07-30,133.51,135.95,133.29,135.95,129.6664,1937077
2024-07-31,136.34,137.53,135.6,137.49,131.1353,2239782
2024-08-01,138.21,138.24,136.27,136.27,129.9717,1628154
2024-08-02,133.5,134.25,131.66,132.46,126.3378,3856423
2024-08-05,130.6,130.78,124.89,124.89,119.1176,3665974
2024-08-06,125.5,128.42,125.5,127.69,121.7882,2570052
2024-08-07,126.88,128.21,126.73,127.34,121.4544,1843515
2024-08-08,127.35,129.11,126.96,129.11,123.1426,1664806
2024-08-09,130.0,130.23,128.88,129.55,123.5623,1941651
2024-08-12,130.7,131.04,130.15,130.53,124.497,886756
2024-08-13,130.43,132.52,130.23,132.52,126.395,1466798
2024-08-14,134.5,134.59,132.71,134.21,128.0069,1734568
2024-08-15,134.0,136.09,133.94,134.9,128.665,2248327
2024-08-16,137.04,138.13,136.54,138.13,131.7457,4487867
2024-08-19,137.72,139.25,137.37,139.25,132.8139,1937287
2024-08-20,140.25,141.34,139.025,139.6,133.1477,1651316
2024-08-21,138.22,138.37,135.65,136.03,132.1086,3623240
2024-08-22,136.95,136.99,135.98,136.46,132.5262,1565951
2024-08-23,136.4,136.8,135.85,136.8,132.8564,1745817
2024-08-26,137.51,139.29,137.18,138.81,134.8084,1888745
2024-08-27,138.34,138.49,136.8,137.43,133.4682,2163558
2024-08-28,136.95,138.57,136.2,138.57,134.5754,2608279
2024-08-29,138.35,139.33,138.03,138.8,134.7987,2115830
2024-08-30,139.45,139.88,139.0,139.5,135.4786,4471077
2024-09-02,139.35,141.87,138.67,141.77,137.6831,1918778
2024-09-03,141.64,143.38,141.45,143.38,139.2467,1892624
2024-09-04,141.5,141.57,139.045,139.94,135.9059,2239798
2024-09-05,140.63,141.85,140.34,141.35,137.2752,1593873
2024-09-06,141.78,144.25,141.4,143.47,139.3341,2812987
2024-09-09,140.87,143.0,140.5,142.95,138.8291,1988596
2024-09-10,144.06,145.24,143.19,143.77,139.6255,2044486
2024-09-11,143.4,143.49,140.79,141.05,136.9839,2651684
2024-09-12,141.96,143.07,141.66,142.96,138.8388,2511911
2024-09-13,143.4,143.58,140.94,141.65,137.5666,2005424
2024-09-16,142.05,143.12,141.85,142.99,138.868,1769457
2024-09-17,144.0,144.0,143.03,143.04,138.9165,1692853
2024-09-18,142.65,143.75,142.36,143.32,139.1884,1728991
2024-09-19,144.5,145.0,143.18,144.02,139.8683,3454739
2024-09-20,144.5,144.83,143.57,144.5,140.3344,6419518
2024-09-23,143.55,143.79,142.31,142.39,138.2852,1459099
2024-09-24,142.51,142.89,138.06,138.06,134.0801,3339377
2024-09-25,138.0,138.44,134.5,134.89,131.0015,3813862
2024-09-26,135.99,136.49,133.42,134.35,130.477,2993957
2024-09-27,134.3,134.5,133.0,134.16,130.2925,2166185
2024-09-30,134.5,136.11,134.32,135.39,131.487,3416736
2024-10-01,135.0,135.0,132.68,133.34,129.4961,1861579
2024-10-02,132.16,134.19,132.1,134.19,130.3216,2366533
2024-10-03,135.4,135.4,134.25,134.61,130.7295,1851459
2024-10-04,133.1,133.5,132.52,132.74,128.9134,1502412
2024-10-07,133.82,135.08,133.13,134.77,130.8849,934904
2024-10-08,134.37,136.03,133.51,134.97,131.0791,1587040
2024-10-09,136.48,136.575,135.6,135.63,131.7201,1218703
2024-10-10,136.66,136.95,135.82,136.19,132.264,1622621
2024-10-11,135.88,136.07,134.88,135.64,131.7298,1423248
2024-10-14,136.9,137.2,136.03,136.82,132.8758,1020864
2024-10-15,138.41,139.69,137.95,139.29,135.2746,1849572
2024-10-16,138.9,140.27,138.4,139.8,135.7699,1708261
2024-10-17,141.3,142.0,140.35,142.0,137.9065,3271793
2024-10-18,141.9,142.85,141.46,142.85,138.732,3075255
2024-10-21,143.5,144.45,143.1,144.45,140.2859,1753172
2024-10-22,143.11,143.92,141.01,141.23,137.1587,1577016
2024-10-23,140.66,141.93,140.57,141.78,137.6928,741238
2024-10-24,141.76,144.0,141.36,143.43,139.2953,1337219
2024-10-25,143.77,144.17,142.83,144.02,139.8683,1271615
2024-10-28,144.0,144.12,142.23,142.86,138.7417,1013407
2024-10-29,143.4,144.48,142.99,144.17,140.0139,1941541
2024-10-30,144.0,144.0,141.8,142.93,138.8097,1231647
2024-10-31,142.23,143.65,141.65,142.75,138.6349,2175927
2024-11-01,141.65,142.22,140.4,142.09,137.9939,1495906
2024-11-04,142.89,144.44,141.03,144.35,140.1887,1396336
2024-11-05,144.35,144.4,142.8,143.85,139.7032,1165546
2024-11-06,144.5,145.6,144.32,145.46,141.2667,1384689
2024-11-07,145.99,147.26,143.9,147.26,143.0149,1775473
2024-11-08,148.41,149.73,147.41,149.32,145.0155,1953987
2024-11-11,149.3,150.345,148.86,149.79,145.4719,2056899
2024-11-12,150.6,150.85,148.75,150.25,145.9187,1574831
2024-11-13,148.05,149.62,147.65,149.62,145.3068,1812592
2024-11-14,150.89,152.84,150.43,152.84,148.434,1822727
2024-11-15,154.0,155.13,152.53,155.13,150.658,2493400
2024-11-18,153.38,153.89,152.05,153.02,148.6088,2012422
2024-11-19,153.0,157.28,152.42,155.61,151.1241,2361297
2024-11-20,155.61,156.89,155.14,156.38,151.8719,1749644
2024-11-21,156.67,157.05,154.88,156.24,151.736,1859501
2024-11-22,157.01,159.16,156.64,159.03,154.4456,3988790
2024-11-25,160.0,160.27,158.34,160.14,155.5236,3945712
2024-11-26,160.0,160.0,154.1,154.46,150.0073,2006021
2024-11-27,156.0,157.8,155.895,157.57,153.0276,1932684
2024-11-28,158.53,159.45,158.04,158.58,154.0085,1379244
2024-11-29,157.0,158.58,156.51,158.58,154.0085,2141565
2024-12-02,159.5,159.5,157.58,158.19,153.6298,1160349
2024-12-03,158.51,159.19,157.78,157.78,153.2316,1926463
2024-12-04,156.78,157.32,156.14,156.93,152.4061,1233214
2024-12-05,158.25,158.4,157.68,157.99,153.4355,1357790
2024-12-06,158.68,158.98,157.06,157.06,152.5323,1645382
2024-12-09,157.0,159.38,155.92,159.38,154.7855,1679852
2024-12-10,158.3,158.35,155.45,157.63,153.0859,2413796
2024-12-11,157.92,158.12,156.41,157.52,152.9791,1478648
2024-12-12,157.69,158.53,157.12,157.52,152.9791,1065886
2024-12-13,157.0,158.28,156.3,158.21,153.6492,1347793
2024-12-16,158.3,158.93,157.63,158.64,154.0668,1709323
2024-12-17,158.61,161.295,158.0,161.13,156.485,2381043
2024-12-18,161.1,161.37,159.03,159.73,155.1254,1827986
2024-12-19,157.0,157.445,155.5,155.99,151.4932,3458022
2024-12-20,155.57,155.73,150.26,150.26,145.9284,7340421
2024-12-23,151.99,154.68,151.51,154.68,150.221,1324530
2024-12-24,154.38,155.47,153.87,155.12,150.6483,679055
2024-12-27,155.65,156.21,154.72,156.21,151.7069,1175643
2024-12-30,155.42,155.73,154.07,155.08,150.6094,817557
2024-12-31,154.09,154.43,153.25,153.25,148.8322,853239
2025-01-02,153.25,153.98,152.5,153.57,149.143,878386
2025-01-03,154.53,155.655,153.6,155.03,150.5609,888021
2025-01-06,156.0,156.755,155.24,156.02,151.5223,1032059
2025-01-07,156.5,157.66,155.97,157.11,152.5809,1035090
2025-01-08,156.5,161.7,155.84,159.75,155.1448,2260821
2025-01-09,158.13,159.29,157.97,158.79,154.2125,1243612
2025-01-10,159.5,159.8,155.57,156.05,151.5515,1887834
2025-01-13,153.63,154.42,151.24,152.76,148.3563,1493414
2025-01-14,154.36,154.5,151.0,151.96,147.5794,1203687
2025-01-15,154.33,154.33,151.27,151.27,146.9093,1189652
2025-01-16,154.3,155.8,153.88,155.75,151.2601,2662759
2025-01-17,155.15,155.6,153.39,153.9,149.4634,3930360
2025-01-20,154.69,155.48,153.35,155.06,150.59,887899
2025-01-21,155.0,157.96,154.73,156.2,151.6971,1191280
2025-01-22,157.25,158.45,156.7,157.75,153.2025,1263536
2025-01-23,157.97,158.0,156.4,157.85,153.2996,1088333
2025-01-24,158.7,159.46,158.5,158.65,154.0765,1821566
2025-01-28,159.67,160.37,159.18,159.28,154.6883,1619685
2025-01-29,160.68,160.78,159.09,159.09,154.5038,1318566
2025-01-30,159.35,160.61,158.82,160.61,155.98,1206445
2025-01-31,160.61,161.425,159.84,160.56,155.9315,2896059
2025-02-03,156.5,159.29,156.17,158.13,153.5715,1299935
2025-02-04,159.6,159.69,157.7,157.7,153.1539,1174484
2025-02-05,158.31,159.07,157.65,158.57,153.9988,1594857
2025-02-06,159.98,162.64,159.82,162.64,157.9515,2051681
2025-02-07,161.64,162.975,161.13,162.67,157.9806,1676158
2025-02-10,160.91,162.84,160.33,162.83,158.136,1431527
2025-02-11,162.02,163.03,161.61,162.16,157.4853,1530120
2025-02-12,161.24,165.98,159.81,165.98,161.1952,2199814
2025-02-13,165.77,167.61,164.61,166.72,161.9139,1843099
2025-02-14,167.92,167.92,165.0,165.44,160.6708,2390053
2025-02-17,164.99,165.14,162.02,164.97,160.2143,1976104
2025-02-18,165.0,165.45,162.2,162.6,157.9126,2577577
2025-02-19,158.75,160.73,156.59,158.94,156.5241,3262757
2025-02-20,159.04,159.37,155.73,155.73,153.3629,2747437
2025-02-21,156.0,156.12,151.42,151.73,149.4237,3845525
2025-02-24,149.9,156.23,148.98,156.23,153.8553,2875480
2025-02-25,155.94,156.455,152.99,154.27,151.9251,1762476
2025-02-26,154.5,156.6,153.45,156.26,153.8848,1504902
2025-02-27,155.9,156.29,154.8,156.29,153.9144,1580374
2025-02-28,155.9,157.68,154.66,156.74,154.3575,5342538
2025-03-03,158.4,158.4,155.29,157.13,154.7416,1846285
2025-03-04,157.32,157.76,155.685,157.76,155.362,1467357
2025-03-05,156.36,156.98,154.4,156.39,154.0128,1730411
2025-03-06,156.44,156.88,153.59,153.59,151.2554,2374229
2025-03-07,150.88,150.96,147.22,148.5,146.2428,2627604
2025-03-10,149.2,149.58,147.41,148.14,145.8882,1456710
2025-03-11,145.69,148.13,144.4,146.92,144.6868,2523185
2025-03-12,145.75,145.84,142.98,144.8,142.599,2922633
2025-03-13,145.01,145.57,143.67,144.0,141.8112,2669521
2025-03-14,142.57,144.03,141.41,142.36,140.1961,2741381
2025-03-17,143.89,144.66,143.285,144.66,142.4611,1734195
2025-03-18,145.39,146.5,143.54,144.2,142.0081,1552183
2025-03-19,142.89,144.47,142.54,142.77,140.5999,1612901
2025-03-20,143.91,146.0,143.68,145.93,143.7118,3402826
2025-03-21,145.7,146.95,145.2,145.6,143.3868,6482426
2025-03-24,146.75,147.85,146.29,147.63,145.386,1308316
2025-03-25,148.45,149.77,147.9,148.63,146.3708,1599602
2025-03-26,149.9,151.17,149.39,150.23,147.9465,2043159
2025-03-27,149.23,150.04,148.38,150.04,147.7594,1722640
2025-03-28,149.6,150.43,148.61,150.43,148.1434,1796660
2025-03-31,149.5,151.1,147.94,150.93,148.6358,2709628
2025-04-01,151.01,153.23,150.41,153.23,150.9009,2083216
2025-04-02,154.54,154.84,153.22,154.82,152.4667,2165184
2025-04-03,151.82,156.37,151.51,156.37,153.9931,2343479
2025-04-04,153.69,156.2,153.26,154.0,151.6592,3504025
2025-04-07,144.08,146.81,140.21,144.41,142.2149,3875755
2025-04-08,146.52,148.46,144.23,148.46,146.2034,3194841
2025-04-09,145.01,150.22,145.01,149.14,146.873,2796441
2025-04-10,157.02,157.44,153.45,154.53,152.1811,2785178
2025-04-11,150.75,155.5,149.28,154.68,152.3288,4265891
2025-04-14,155.39,157.63,154.9,157.29,154.8992,2071894
2025-04-15,157.89,160.47,157.39,158.04,155.6378,1901913
2025-04-16,158.08,160.0,157.79,159.32,156.8983,2008112
2025-04-17,159.72,161.25,159.05,161.25,158.799,1964171
2025-04-22,159.8,168.0,159.31,168.0,165.4464,5974009
2025-04-23,168.42,168.7,163.77,163.77,161.2807,2891637
2025-04-24,165.02,165.98,163.4,164.72,162.2162,1863637
2025-04-28,166.52,166.54,162.5,162.85,160.3746,2730886
2025-04-29,162.75,163.95,162.47,162.98,160.5027,1617274
2025-04-30,163.67,166.6,163.25,166.6,164.0676,3925047
2025-05-01,166.57,168.28,165.94,167.25,164.7078,1809325
2025-05-02,167.63,169.75,167.52,169.66,167.0811,2436302
2025-05-05,169.28,169.49,165.47,166.93,164.3926,1826786
2025-05-06,166.08,167.0,165.65,166.74,164.2055,1208101
2025-05-07,167.1,168.12,165.96,165.96,163.4374,3183649
2025-05-08,164.9,166.0,164.1,165.51,162.9942,2728312
2025-05-09,165.59,167.64,165.09,167.04,164.501,1823621
2025-05-12,168.3,168.81,166.99,167.18,164.6388,1165001
2025-05-13,167.59,168.0,165.25,166.14,163.6146,1415682
2025-05-14,167.27,167.81,166.35,167.5,164.954,1954555
2025-05-15,168.97,169.74,166.62,169.74,167.1599,2752729
2025-05-16,172.71,172.92,168.78,169.66,167.0811,3762751
2025-05-19,169.66,171.64,169.49,171.36,168.7553,1535720
2025-05-20,173.0,173.54,171.32,172.43,169.809,1796398
2025-05-21,173.1,176.46,172.77,174.98,172.3203,2582355
2025-05-22,173.48,173.94,171.98,172.72,170.0946,1853995
2025-05-23,172.72,174.75,172.29,173.84,171.1976,1672870
2025-05-26,173.5,174.12,172.65,173.88,171.237,765883
2025-05-27,174.4,175.5,173.38,175.34,172.6748,1236086
2025-05-28,175.94,176.64,173.79,173.79,171.1484,1440731
2025-05-29,174.49,175.27,172.565,174.44,171.7885,1156865
2025-05-30,174.25,176.46,173.96,175.95,173.2755,5011347
2025-06-02,175.9,176.42,175.2,176.42,173.7384,1055676
2025-06-03,177.82,178.64,176.72,178.64,175.9246,1701236
2025-06-04,179.04,181.39,178.3,181.1,178.3472,2142069
2025-06-05,181.2,182.0,179.61,181.34,178.5836,1689652
2025-06-06,180.7,181.0,179.0,179.9,177.1655,1820710
2025-06-10,180.0,182.25,178.55,182.0,179.2336,2839373
2025-06-11,182.65,183.19,181.11,181.4,178.6427,1412451
2025-06-12,182.01,182.8,180.53,180.53,177.7859,1817457
2025-06-13,180.53,181.48,178.82,179.35,176.6238,1725793
2025-06-16,178.5,179.68,178.23,179.41,176.6829,1159837
2025-06-17,179.0,179.49,178.02,179.14,176.417,1402425
2025-06-18,178.92,181.3,178.3,180.18,177.4412,1798143
2025-06-19,180.88,183.31,180.16,182.85,180.0706,2085226
2025-06-20,182.51,183.0,180.13,182.53,179.7555,6388012
2025-06-23,182.0,184.41,180.83,184.35,181.5478,1407371
2025-06-24,185.19,188.6,184.95,188.13,185.2704,2243842
2025-06-25,189.84,192.0,189.02,191.4,188.4907,2247175
2025-06-26,190.49,191.88,190.26,190.71,187.8112,1926397
2025-06-27,190.5,191.06,185.36,185.36,182.5425,2059721
2025-06-30,185.36,186.83,183.41,184.75,181.9418,2762322
2025-07-01,184.21,184.31,181.4,182.58,179.8047,2968299
2025-07-02,183.0,183.85,180.51,183.67,180.8782,3202955
2025-07-03,182.41,182.41,179.58,179.69,176.9587,1989031
2025-07-04,179.51,180.49,176.44,178.0,175.2944,2022811
2025-07-07,177.57,179.015,176.98,177.81,175.1072,1233379
2025-07-08,177.08,179.9,176.84,179.28,176.5549,2169151
2025-07-09,178.3,180.0,177.03,178.9,176.1807,1361633
2025-07-10,179.48,181.59,179.0,180.37,177.6283,1506974
2025-07-11,180.57,180.74,178.41,179.42,176.6928,1396922
2025-07-14,179.1,180.32,178.12,178.72,176.0034,897592
2025-07-15,179.5,180.4,178.85,179.76,177.0276,1012788
2025-07-16,178.0,178.8,177.165,177.57,174.8709,1592632
2025-07-17,178.5,180.8,178.0,180.8,178.0518,2856557
2025-07-18,180.48,183.47,180.0,182.46,179.6866,3632614
2025-07-21,181.5,181.6,176.9,177.87,175.1663,1341894
2025-07-22,177.89,177.99,171.55,172.42,169.7992,2384136
2025-07-23,172.59,173.85,170.67,173.3,170.6658,2172774
2025-07-24,173.97,174.74,172.26,173.47,170.8332,1622393
2025-07-25,173.4,173.61,170.97,172.87,170.2423,1626092
2025-07-28,172.5,174.9,171.6,174.9,172.2415,1249203
2025-07-29,173.88,174.64,172.53,174.29,171.6408,1313893
2025-07-30,173.97,177.6,173.25,176.99,174.2997,1817808
2025-07-31,177.11,178.19,176.11,177.91,175.2057,1918660
2025-08-01,176.0,176.86,174.62,175.06,172.399,1725512
2025-08-04,174.0,174.93,173.43,174.93,172.271,1178894
2025-08-05,175.68,177.635,175.06,177.34,174.6444,1356835
2025-08-06,177.6,179.86,177.45,179.08,176.3579,1244593
2025-08-07,179.3,179.54,177.63,178.13,175.4224,1188987
2025-08-08,176.93,177.98,176.2,176.61,173.9255,1239266
2025-08-11,177.1,178.6,176.65,178.6,175.8852,1129524
2025-08-12,178.6,180.0,178.055,178.8,176.0822,1888777
2025-08-13,176.88,177.7,167.43,169.12,166.5493,4412606
2025-08-14,167.12,168.97,166.55,167.21,164.6684,2943953
2025-08-15,166.75,168.73,165.24,168.17,165.6138,3133677
2025-08-18,168.33,170.31,168.12,170.19,167.6031,1664555
2025-08-19,171.2,171.83,170.22,171.05,168.45,2161338
2025-08-20,169.01,174.14,168.96,172.4,172.4,3195377
2025-08-21,174.23,174.4,172.03,173.8,173.8,2274857
2025-08-22,173.67,174.5,172.5,172.84,172.84,3023915
2025-08-25,173.95,174.1,169.3,170.3,170.3,2121993
2025-08-26,170.3,171.76,168.8,169.08,169.08,2527097
